"","p_val","avg_log2FC","pct.1","pct.2","p_val_adj","cluster","gene"
"PTGS2",0,1.77065138019009,1,0,0,"High PTGS2 Fibroblasts","PTGS2"
"SOD2",3.77024754352459e-173,0.988936796000465,0.967,0.878,8.07473916396662e-169,"High PTGS2 Fibroblasts","SOD2"
"IER3",3.58986632562499e-164,0.82976312001561,0.996,0.965,7.68841670959105e-160,"High PTGS2 Fibroblasts","IER3"
"C11orf96",3.37958716913398e-141,0.742864855158443,0.681,0.39,7.23806184013424e-137,"High PTGS2 Fibroblasts","C11orf96"
"INHBA",1.49837939553438e-130,1.31943002038616,0.785,0.567,3.20907915141598e-126,"High PTGS2 Fibroblasts","INHBA"
"KDM6B",7.81512495796583e-124,0.531604711178428,0.737,0.469,1.67376531224754e-119,"High PTGS2 Fibroblasts","KDM6B"
"TNFAIP6",3.9618592217697e-121,0.982696229934063,0.958,0.859,8.48511389526416e-117,"High PTGS2 Fibroblasts","TNFAIP6"
"CXCL2",4.13130212048072e-119,1.33232942094174,0.772,0.54,8.84800975143355e-115,"High PTGS2 Fibroblasts","CXCL2"
"SLC7A5",2.20158752046607e-116,0.3586757124756,0.414,0.17,4.71513999258219e-112,"High PTGS2 Fibroblasts","SLC7A5"
"REL",1.39058104947272e-109,0.518572604886054,0.61,0.346,2.97820743365573e-105,"High PTGS2 Fibroblasts","REL"
"NFKB1",1.34728303339156e-105,0.417378313453755,0.498,0.248,2.88547607261471e-101,"High PTGS2 Fibroblasts","NFKB1"
"MMP3",4.64873129882749e-103,1.86981816264433,0.449,0.226,9.95618782269884e-99,"High PTGS2 Fibroblasts","MMP3"
"TPT1",1.12994399962782e-95,0.360171977805025,1,0.999,2.4200010640029e-91,"High PTGS2 Fibroblasts","TPT1"
"MSC",7.22369253431082e-94,0.409253020508953,0.393,0.176,1.54709823007335e-89,"High PTGS2 Fibroblasts","MSC"
"ACTB",1.43595041399028e-91,-0.38806445431189,0.999,1,3.07537500164299e-87,"High PTGS2 Fibroblasts","ACTB"
"BMP2",2.6190311307587e-87,0.629046248881828,0.334,0.143,5.60917897274592e-83,"High PTGS2 Fibroblasts","BMP2"
"SLC7A2",5.14563196505318e-87,0.796883302759536,0.369,0.173,1.10203999795544e-82,"High PTGS2 Fibroblasts","SLC7A2"
"LIF",1.90468868830347e-86,0.587744108497268,0.276,0.103,4.07927176373955e-82,"High PTGS2 Fibroblasts","LIF"
"CEBPB",3.89859329000258e-85,0.358624205858506,0.612,0.36,8.34961724919852e-81,"High PTGS2 Fibroblasts","CEBPB"
"MTRNR2L2",1.17882537413517e-84,-0.732543948185141,0.752,0.854,2.52469030378529e-80,"High PTGS2 Fibroblasts","MTRNR2L2"
"BDKRB1",4.39908930974854e-83,0.528884653112849,0.423,0.208,9.42152957468845e-79,"High PTGS2 Fibroblasts","BDKRB1"
"SERPINE2",6.05433420627829e-83,0.83181733973902,0.577,0.358,1.29665675695862e-78,"High PTGS2 Fibroblasts","SERPINE2"
"ICAM1",6.45208694583265e-82,0.492627787149104,0.523,0.299,1.38184346118898e-77,"High PTGS2 Fibroblasts","ICAM1"
"NFKBIZ",1.29533998011076e-81,0.484703862556973,0.77,0.579,2.77422963540321e-77,"High PTGS2 Fibroblasts","NFKBIZ"
"ARID5B",9.56923952721696e-81,0.47899161409612,0.932,0.819,2.04944402954406e-76,"High PTGS2 Fibroblasts","ARID5B"
"BIRC3",1.72443008772337e-79,0.523056745175122,0.309,0.13,3.69321191887713e-75,"High PTGS2 Fibroblasts","BIRC3"
"RPS26",2.80705160050478e-79,0.482274356590346,0.982,0.95,6.01186241280108e-75,"High PTGS2 Fibroblasts","RPS26"
"MFSD2A",2.91370339928108e-79,0.299599186214741,0.42,0.204,6.24027857024029e-75,"High PTGS2 Fibroblasts","MFSD2A"
"SQSTM1",1.76497901547281e-77,0.403770080820863,0.98,0.934,3.78005555743811e-73,"High PTGS2 Fibroblasts","SQSTM1"
"SLC39A14",1.8499925033064e-77,0.465235173613859,0.812,0.63,3.96212894433132e-73,"High PTGS2 Fibroblasts","SLC39A14"
"FOS",2.29679722254302e-76,-0.58211163443486,0.951,0.965,4.91905061152038e-72,"High PTGS2 Fibroblasts","FOS"
"PIM3",3.09418257746106e-76,0.259983101800361,0.36,0.164,6.62681082614836e-72,"High PTGS2 Fibroblasts","PIM3"
"TNFAIP8",1.01251565882753e-75,0.365148147185868,0.364,0.172,2.16850478651092e-71,"High PTGS2 Fibroblasts","TNFAIP8"
"FNIP2",4.8403045421129e-75,0.379093833624055,0.602,0.375,1.03664802378432e-70,"High PTGS2 Fibroblasts","FNIP2"
"HMOX1",8.70617279799274e-75,0.64599937362548,0.725,0.521,1.8646010281461e-70,"High PTGS2 Fibroblasts","HMOX1"
"XBP1",1.21157527453791e-72,0.39426278677997,0.918,0.81,2.59483076547784e-68,"High PTGS2 Fibroblasts","XBP1"
"LIMA1",1.30945561883995e-72,-0.497144202543423,0.804,0.857,2.80446109886951e-68,"High PTGS2 Fibroblasts","LIMA1"
"GEM",1.10809218930247e-71,0.52447743266937,0.939,0.826,2.3732010418291e-67,"High PTGS2 Fibroblasts","GEM"
"FOSL1",1.47173650071966e-71,0.302916250146534,0.436,0.225,3.1520180635913e-67,"High PTGS2 Fibroblasts","FOSL1"
"TNFRSF12A",1.86798286999535e-71,0.484695457808493,0.837,0.649,4.00065891266905e-67,"High PTGS2 Fibroblasts","TNFRSF12A"
"ABL2",1.00058009378459e-70,0.360059956215148,0.836,0.633,2.14294238685845e-66,"High PTGS2 Fibroblasts","ABL2"
"CHAC1",1.01192476667276e-69,0.28238860980324,0.301,0.13,2.16723927278304e-65,"High PTGS2 Fibroblasts","CHAC1"
"TSC22D3",2.98891562211019e-65,-0.490074820968658,0.826,0.875,6.4013605878734e-61,"High PTGS2 Fibroblasts","TSC22D3"
"NDUFA4L2",9.69813545472983e-65,0.676690430288365,0.837,0.722,2.07704967033949e-60,"High PTGS2 Fibroblasts","NDUFA4L2"
"PNRC1",2.44922687141957e-64,0.376422037759523,0.702,0.489,5.2455091905193e-60,"High PTGS2 Fibroblasts","PNRC1"
"KLHL21",9.10150058098381e-64,0.270390555998526,0.535,0.314,1.9492683794293e-59,"High PTGS2 Fibroblasts","KLHL21"
"RCAN1",4.75943431957379e-62,0.666383254632294,0.709,0.519,1.01932804822312e-57,"High PTGS2 Fibroblasts","RCAN1"
"JUN",5.41785020531642e-60,-0.547795406234828,0.872,0.901,1.16034097847262e-55,"High PTGS2 Fibroblasts","JUN"
"ERRFI1",1.51037988189693e-59,0.465263680983218,0.939,0.822,3.23478059305865e-55,"High PTGS2 Fibroblasts","ERRFI1"
"PSAP",8.5794428290309e-59,-0.286576873850582,0.996,0.998,1.83745927069355e-54,"High PTGS2 Fibroblasts","PSAP"
"IL8",9.93925028849509e-59,1.34819143475127,0.786,0.644,2.12868923428699e-54,"High PTGS2 Fibroblasts","IL8"
"CXCL3",1.20520588472703e-57,1.14058485857791,0.665,0.481,2.58118944331989e-53,"High PTGS2 Fibroblasts","CXCL3"
"SOX9",1.24181348018449e-57,0.401600559627419,0.452,0.269,2.65959193051112e-53,"High PTGS2 Fibroblasts","SOX9"
"TNFAIP3",1.53550057424766e-57,0.310292160799575,0.323,0.163,3.28858157986622e-53,"High PTGS2 Fibroblasts","TNFAIP3"
"FHL1",2.06451439956464e-56,-0.549395296939106,0.857,0.894,4.42157048954758e-52,"High PTGS2 Fibroblasts","FHL1"
"GPRC5A",2.77693335033319e-56,0.331556164640121,0.895,0.734,5.94735815640859e-52,"High PTGS2 Fibroblasts","GPRC5A"
"PPP1R15A",5.94123495918942e-56,0.302243264589432,0.977,0.895,1.2724342912096e-51,"High PTGS2 Fibroblasts","PPP1R15A"
"MXRA8",6.16448297012472e-56,-0.504417180866806,0.707,0.781,1.32024731771161e-51,"High PTGS2 Fibroblasts","MXRA8"
"ANXA2",9.15880026392574e-56,-0.278743515051469,1,0.998,1.96154025252498e-51,"High PTGS2 Fibroblasts","ANXA2"
"ATF4",1.24995534122008e-55,0.28332660983585,0.977,0.938,2.67702935429104e-51,"High PTGS2 Fibroblasts","ATF4"
"LAPTM4A",2.44536226160825e-55,-0.28869247665373,0.994,0.994,5.23723235568639e-51,"High PTGS2 Fibroblasts","LAPTM4A"
"GAPDH",3.17807757737635e-55,0.366918149875543,1,0.997,6.80648874746692e-51,"High PTGS2 Fibroblasts","GAPDH"
"GPNMB",2.87414328001821e-53,-0.507202630014716,0.713,0.794,6.15555266281501e-49,"High PTGS2 Fibroblasts","GPNMB"
"SAT1",3.32239888263724e-53,0.372216773967066,0.991,0.952,7.11558168694417e-49,"High PTGS2 Fibroblasts","SAT1"
"BTG1",1.32574986827089e-52,0.284580054132904,0.805,0.624,2.83935849287576e-48,"High PTGS2 Fibroblasts","BTG1"
"WTAP",1.92722886142506e-51,0.399632833856069,0.744,0.55,4.12754605251405e-47,"High PTGS2 Fibroblasts","WTAP"
"LINC00152",3.83672073139985e-51,0.402153996575509,0.625,0.442,8.21710479043907e-47,"High PTGS2 Fibroblasts","LINC00152"
"MIR4435-1HG",1.16775903416889e-50,0.415442338237232,0.597,0.411,2.50098952347951e-46,"High PTGS2 Fibroblasts","MIR4435-1HG"
"NFKBIA",7.09473867512211e-50,0.3281368370633,0.979,0.922,1.5194801820509e-45,"High PTGS2 Fibroblasts","NFKBIA"
"ITM2B",2.52751015898066e-48,-0.278739925004378,1,1,5.41316850748887e-44,"High PTGS2 Fibroblasts","ITM2B"
"IGFBP6",3.05327714853983e-48,-0.633324011527328,0.926,0.928,6.53920366902776e-44,"High PTGS2 Fibroblasts","IGFBP6"
"PDE4B",6.56947793216951e-48,0.253371185593904,0.314,0.164,1.40698508873274e-43,"High PTGS2 Fibroblasts","PDE4B"
"TNC",1.04347667216491e-47,0.405561154178038,0.836,0.698,2.23481398877558e-43,"High PTGS2 Fibroblasts","TNC"
"SLC38A2",1.4108984582656e-47,0.292664879981961,0.886,0.743,3.02172122806744e-43,"High PTGS2 Fibroblasts","SLC38A2"
"PTRF",1.48062356705081e-47,-0.349362935382799,0.902,0.909,3.17105149355271e-43,"High PTGS2 Fibroblasts","PTRF"
"HIST1H4C",1.86980728525643e-47,0.321677788509534,0.587,0.401,4.0045662628337e-43,"High PTGS2 Fibroblasts","HIST1H4C"
"TXNIP",7.40217937926257e-47,-0.541919782605839,0.324,0.46,1.58532475765666e-42,"High PTGS2 Fibroblasts","TXNIP"
"ANXA4",3.49199805380798e-46,-0.36979780238412,0.788,0.819,7.47881223184054e-42,"High PTGS2 Fibroblasts","ANXA4"
"LGALS3",1.59425515701262e-45,-0.264181278443793,0.996,0.994,3.41441626977392e-41,"High PTGS2 Fibroblasts","LGALS3"
"CRLF1",5.50507658395334e-45,0.442614247312428,0.703,0.552,1.17902225198529e-40,"High PTGS2 Fibroblasts","CRLF1"
"GSN",7.29504081770028e-45,-0.601058394485128,0.954,0.96,1.56237889192687e-40,"High PTGS2 Fibroblasts","GSN"
"TGIF1",1.39132411678252e-44,0.274824627682553,0.633,0.436,2.97979886091313e-40,"High PTGS2 Fibroblasts","TGIF1"
"ELL2",1.51098364128971e-44,0.259883084147772,0.547,0.356,3.23607366455017e-40,"High PTGS2 Fibroblasts","ELL2"
"MTHFD2",2.15406074763634e-44,0.269559703365079,0.639,0.447,4.61335190321274e-40,"High PTGS2 Fibroblasts","MTHFD2"
"ACTG1",2.85065186493247e-44,-0.270004792170222,0.999,0.998,6.10524109912587e-40,"High PTGS2 Fibroblasts","ACTG1"
"SCRG1",7.28358303712644e-44,0.438109080850593,0.629,0.446,1.55992497906137e-39,"High PTGS2 Fibroblasts","SCRG1"
"SELK",1.33109561480693e-43,0.253495236151734,0.927,0.831,2.85080747823201e-39,"High PTGS2 Fibroblasts","SELK"
"NR4A2",3.84830953351912e-43,0.315438302818345,0.682,0.493,8.2419245279379e-39,"High PTGS2 Fibroblasts","NR4A2"
"MAP3K8",4.19476166750892e-43,0.258103929162775,0.672,0.48,8.98392106330385e-39,"High PTGS2 Fibroblasts","MAP3K8"
"SLC3A2",5.00153197698663e-43,0.32333291065889,0.879,0.737,1.07117810351123e-38,"High PTGS2 Fibroblasts","SLC3A2"
"ARL6IP5",1.06906390328199e-42,-0.273149509491388,0.955,0.961,2.28961416165904e-38,"High PTGS2 Fibroblasts","ARL6IP5"
"MIF",1.74951798953017e-42,0.269145257602068,0.872,0.75,3.74694267817678e-38,"High PTGS2 Fibroblasts","MIF"
"PHLDA1",2.05328860057289e-42,0.37108705214837,0.812,0.647,4.39752819584696e-38,"High PTGS2 Fibroblasts","PHLDA1"
"CKS2",2.24232991360932e-42,0.255202402622275,0.705,0.496,4.80239797597707e-38,"High PTGS2 Fibroblasts","CKS2"
"FTH1",5.55919702320634e-42,0.260113373693542,1,1,1.1906132264601e-37,"High PTGS2 Fibroblasts","FTH1"
"MYL9",5.72508251818001e-41,-0.438521449616716,0.697,0.771,1.22614092291861e-36,"High PTGS2 Fibroblasts","MYL9"
"MT1X",6.15533388310262e-41,0.435431250229906,0.922,0.849,1.31828785774409e-36,"High PTGS2 Fibroblasts","MT1X"
"PLTP",8.04715927018064e-40,-0.520538028527572,0.718,0.782,1.72346010089459e-35,"High PTGS2 Fibroblasts","PLTP"
"MTRNR2L8",9.25176571888476e-40,-0.427962734935396,0.605,0.692,1.98145066401355e-35,"High PTGS2 Fibroblasts","MTRNR2L8"
"CFD",1.42529573265831e-38,-0.532928487627448,0.861,0.896,3.0525558706343e-34,"High PTGS2 Fibroblasts","CFD"
"TSC22D1",3.395769164198e-38,0.386030347472771,0.691,0.523,7.27271881896285e-34,"High PTGS2 Fibroblasts","TSC22D1"
"HTRA1",4.20290526875587e-38,0.666057774169628,0.937,0.898,9.00136221409444e-34,"High PTGS2 Fibroblasts","HTRA1"
"PLAUR",5.04481631572663e-38,0.262593099585596,0.713,0.55,1.08044831033917e-33,"High PTGS2 Fibroblasts","PLAUR"
"CXCL1",8.01342688958801e-38,1.0091914547561,0.599,0.436,1.71623563694306e-33,"High PTGS2 Fibroblasts","CXCL1"
"INSIG1",4.30998559802446e-36,0.318625682484031,0.74,0.577,9.23069615528898e-32,"High PTGS2 Fibroblasts","INSIG1"
"RTN4",1.48668122462469e-35,-0.284492885406439,0.917,0.912,3.18402517877869e-31,"High PTGS2 Fibroblasts","RTN4"
"TMSB4X",3.49221353501525e-35,-0.28729468386484,1,1,7.47927372794217e-31,"High PTGS2 Fibroblasts","TMSB4X"
"WISP2",5.85202019130654e-35,-0.598449412904508,0.643,0.744,1.25332716437212e-30,"High PTGS2 Fibroblasts","WISP2"
"MTRNR2L12",5.94301522129652e-35,-0.444420830066533,0.629,0.696,1.27281556994508e-30,"High PTGS2 Fibroblasts","MTRNR2L12"
"ADAMTS5",7.02002785098059e-35,0.348632306835367,0.365,0.225,1.50347936484451e-30,"High PTGS2 Fibroblasts","ADAMTS5"
"FSTL1",1.76065540591785e-34,-0.351311228875097,0.958,0.952,3.77079568285426e-30,"High PTGS2 Fibroblasts","FSTL1"
"MT-ND3",1.91585575066874e-34,-0.283183475556025,0.985,0.988,4.10318826120724e-30,"High PTGS2 Fibroblasts","MT-ND3"
"BTG2",1.18821413792008e-32,0.36714414432007,0.732,0.582,2.54479821918344e-28,"High PTGS2 Fibroblasts","BTG2"
"CAPN2",1.34579102781691e-32,-0.296558353423904,0.753,0.764,2.88228064427549e-28,"High PTGS2 Fibroblasts","CAPN2"
"IER2",6.59234095210124e-32,-0.367678539061865,0.848,0.854,1.41188166171152e-27,"High PTGS2 Fibroblasts","IER2"
"ID2",1.59898130111342e-31,0.283066853073889,0.975,0.92,3.42453825259461e-27,"High PTGS2 Fibroblasts","ID2"
"LTBP4",2.14410107070289e-31,-0.433540590641692,0.456,0.542,4.59202126312439e-27,"High PTGS2 Fibroblasts","LTBP4"
"TNFRSF11B",7.30947888723011e-31,0.4976483022468,0.552,0.41,1.56547109327807e-26,"High PTGS2 Fibroblasts","TNFRSF11B"
"GADD45B",1.30556477956385e-30,-0.379193427872471,0.953,0.946,2.79612808839191e-26,"High PTGS2 Fibroblasts","GADD45B"
"DDAH2",2.5897128176374e-30,-0.279809012245973,0.816,0.83,5.54638794153403e-26,"High PTGS2 Fibroblasts","DDAH2"
"HES1",3.15869946093367e-30,-0.412956341942131,0.447,0.545,6.76498663548163e-26,"High PTGS2 Fibroblasts","HES1"
"TREM1",3.20898934041725e-30,0.326849954672706,0.627,0.49,6.87269247037162e-26,"High PTGS2 Fibroblasts","TREM1"
"PRELP",8.00896838084761e-30,0.51025033096142,0.931,0.884,1.71528075812613e-25,"High PTGS2 Fibroblasts","PRELP"
"CHI3L2",9.20326755351997e-30,0.300419518090272,0.499,0.349,1.97106381193737e-25,"High PTGS2 Fibroblasts","CHI3L2"
"AKR1B1",1.22133022856428e-29,0.33674113092565,0.774,0.65,2.61572295051611e-25,"High PTGS2 Fibroblasts","AKR1B1"
"VCAM1",6.61578250410869e-29,0.398226475402048,0.63,0.473,1.41690213890496e-24,"High PTGS2 Fibroblasts","VCAM1"
"SDC2",7.49327162613429e-29,-0.307788605466835,0.924,0.91,1.60483398416918e-24,"High PTGS2 Fibroblasts","SDC2"
"SCARA5",1.26684570746884e-28,-0.343397808331462,0.458,0.551,2.713203451686e-24,"High PTGS2 Fibroblasts","SCARA5"
"SERPING1",3.31611470922365e-28,-0.273764135268595,0.953,0.952,7.10212287274429e-24,"High PTGS2 Fibroblasts","SERPING1"
"CLU",1.03555939216248e-27,0.447078808794488,0.997,0.988,2.21785755019437e-23,"High PTGS2 Fibroblasts","CLU"
"SRGN",9.57406224140431e-27,0.260087738154812,0.429,0.296,2.05047691024156e-22,"High PTGS2 Fibroblasts","SRGN"
"TMSB10",1.35445538842402e-26,-0.308070975178224,0.979,0.982,2.90083710538773e-22,"High PTGS2 Fibroblasts","TMSB10"
"CD9",1.04382480554493e-25,-0.304952987047185,0.989,0.986,2.23555958603558e-21,"High PTGS2 Fibroblasts","CD9"
"ID3",1.08659528678205e-25,-0.36055953473284,0.808,0.841,2.32716112570111e-21,"High PTGS2 Fibroblasts","ID3"
"CILP",7.76691246416698e-25,0.443274647887892,0.542,0.418,1.66343964245064e-20,"High PTGS2 Fibroblasts","CILP"
"HMGCS1",1.24058325266604e-24,0.27833540582322,0.338,0.22,2.65695715223486e-20,"High PTGS2 Fibroblasts","HMGCS1"
"MAP1A",3.22722460279379e-24,-0.28224913264313,0.675,0.699,6.91174693180346e-20,"High PTGS2 Fibroblasts","MAP1A"
"PTGES",5.11712848093442e-24,0.367090105467945,0.527,0.409,1.09593540676173e-19,"High PTGS2 Fibroblasts","PTGES"
"SEPP1",5.54348163378297e-24,-0.310820092830712,0.736,0.769,1.1872474615073e-19,"High PTGS2 Fibroblasts","SEPP1"
"SOCS3",9.17998933164199e-23,-0.358884195248337,0.753,0.775,1.96607831515777e-18,"High PTGS2 Fibroblasts","SOCS3"
"GLRX",1.05734171141698e-22,0.250624173307094,0.774,0.633,2.26450874334174e-18,"High PTGS2 Fibroblasts","GLRX"
"SFRP4",1.06980767828392e-22,-0.578716232249358,0.285,0.382,2.29120710458066e-18,"High PTGS2 Fibroblasts","SFRP4"
"RPS4Y1",1.2420863071656e-22,-0.30518003335615,0.312,0.431,2.66017624405657e-18,"High PTGS2 Fibroblasts","RPS4Y1"
"DCN",2.91961484691037e-22,-0.256993539550749,1,0.998,6.25293911762794e-18,"High PTGS2 Fibroblasts","DCN"
"IL6",7.16518000153214e-22,0.743767249966799,0.476,0.36,1.53456660092814e-17,"High PTGS2 Fibroblasts","IL6"
"C2",9.73177365535405e-22,-0.335046622644819,0.433,0.501,2.08425396376718e-17,"High PTGS2 Fibroblasts","C2"
"RBPJ",1.19563343200304e-21,-0.256928427256747,0.721,0.726,2.56068812132092e-17,"High PTGS2 Fibroblasts","RBPJ"
"CCL4",2.48297603709692e-21,0.320293127151332,0.4,0.265,5.31778977865046e-17,"High PTGS2 Fibroblasts","CCL4"
"MFAP5",1.90651935887266e-20,-0.77653034395222,0.334,0.412,4.08319251089758e-16,"High PTGS2 Fibroblasts","MFAP5"
"C1R",2.53096415747388e-20,-0.252535489503119,0.951,0.959,5.42056593606181e-16,"High PTGS2 Fibroblasts","C1R"
"CFH",2.6010346767458e-20,-0.36782899496349,0.747,0.782,5.57063596718647e-16,"High PTGS2 Fibroblasts","CFH"
"MT2A",3.46168084779029e-20,0.370446939318288,0.996,0.992,7.41388187171247e-16,"High PTGS2 Fibroblasts","MT2A"
"FMOD",9.71634341348675e-20,0.367093648417006,0.811,0.744,2.08094926886646e-15,"High PTGS2 Fibroblasts","FMOD"
"SPARCL1",5.83453531202752e-19,-0.474548050590982,0.84,0.853,1.24958242777693e-14,"High PTGS2 Fibroblasts","SPARCL1"
"MMP2",1.76145087123327e-18,-0.424008511667241,0.693,0.726,3.7724993309203e-14,"High PTGS2 Fibroblasts","MMP2"
"TSPAN4",1.79540339281835e-18,-0.264690400497447,0.684,0.685,3.84521544639906e-14,"High PTGS2 Fibroblasts","TSPAN4"
"LHFP",1.88533146703106e-18,-0.281762422693598,0.748,0.758,4.03781440294043e-14,"High PTGS2 Fibroblasts","LHFP"
"LGALS3BP",4.6940283881652e-18,-0.279580370361585,0.553,0.624,1.00532005989334e-13,"High PTGS2 Fibroblasts","LGALS3BP"
"MT1M",6.94198407671611e-18,-0.331743279956078,0.706,0.737,1.48676472971029e-13,"High PTGS2 Fibroblasts","MT1M"
"C10orf54",9.02979436984886e-18,-0.253242195553581,0.759,0.746,1.93391106019053e-13,"High PTGS2 Fibroblasts","C10orf54"
"MT1G",1.44559643134935e-17,0.313787977792533,0.297,0.205,3.09603387702091e-13,"High PTGS2 Fibroblasts","MT1G"
"SPON2",1.95848522354198e-17,-0.39431310126315,0.307,0.379,4.19448780325986e-13,"High PTGS2 Fibroblasts","SPON2"
"VASN",3.75838205666108e-17,-0.271223940787179,0.802,0.791,8.04932685075104e-13,"High PTGS2 Fibroblasts","VASN"
"ADAMTS1",6.32365038589942e-17,0.250009650916923,0.563,0.45,1.35433620314808e-12,"High PTGS2 Fibroblasts","ADAMTS1"
"FBLN2",1.09453384597415e-16,-0.385068553420842,0.354,0.418,2.34416313792284e-12,"High PTGS2 Fibroblasts","FBLN2"
"FN1",8.79349126264167e-16,0.285109099713252,0.999,0.998,1.88330202371997e-11,"High PTGS2 Fibroblasts","FN1"
"CHMP1B",9.56283445896051e-16,0.27163873261088,0.744,0.634,2.04807225607557e-11,"High PTGS2 Fibroblasts","CHMP1B"
"DAB2",1.26224573517471e-15,-0.250817400843546,0.771,0.764,2.70335169102368e-11,"High PTGS2 Fibroblasts","DAB2"
"EBF1",5.39614576612538e-15,-0.262465467768811,0.476,0.517,1.15569253873107e-10,"High PTGS2 Fibroblasts","EBF1"
"PPAP2A",1.07242053057955e-14,-0.253935119744464,0.721,0.735,2.29680305034223e-10,"High PTGS2 Fibroblasts","PPAP2A"
"CXCL12",1.62825638482176e-14,-0.340372783420033,0.489,0.566,3.48723669937276e-10,"High PTGS2 Fibroblasts","CXCL12"
"C1QTNF3",3.12580914674546e-14,-0.324775036461866,0.51,0.557,6.69454544958475e-10,"High PTGS2 Fibroblasts","C1QTNF3"
"PODN",4.06850419988954e-14,-0.286541735959058,0.194,0.263,8.71351544490343e-10,"High PTGS2 Fibroblasts","PODN"
"TNXB",1.14896256192719e-13,-0.324217550367575,0.885,0.872,2.46073311887946e-09,"High PTGS2 Fibroblasts","TNXB"
"SERPINF1",3.54005332836305e-13,-0.366397785185032,0.621,0.656,7.58173221335514e-09,"High PTGS2 Fibroblasts","SERPINF1"
"AHNAK2",4.25224799594959e-13,-0.279490219043168,0.288,0.344,9.10703953292524e-09,"High PTGS2 Fibroblasts","AHNAK2"
"PDGFRL",6.11586063248699e-13,-0.326796744295871,0.66,0.656,1.30983387165974e-08,"High PTGS2 Fibroblasts","PDGFRL"
"TUBA1A",1.20246781814904e-12,-0.265899787413625,0.852,0.838,2.5753253261298e-08,"High PTGS2 Fibroblasts","TUBA1A"
"DBN1",1.70015334538299e-12,-0.256661542370885,0.299,0.347,3.64121841980675e-08,"High PTGS2 Fibroblasts","DBN1"
"CCL3",3.65335206457248e-12,0.31697629360885,0.472,0.354,7.82438411669487e-08,"High PTGS2 Fibroblasts","CCL3"
"ANGPTL1",5.00219581527585e-12,-0.278019688142606,0.68,0.673,1.07132027775763e-07,"High PTGS2 Fibroblasts","ANGPTL1"
"TMEM176B",3.91022568755429e-11,-0.262767925182079,0.293,0.364,8.37453035503502e-07,"High PTGS2 Fibroblasts","TMEM176B"
"TPM1",7.92625816133664e-11,-0.296531945511396,0.442,0.475,1.69756671041347e-06,"High PTGS2 Fibroblasts","TPM1"
"HSPA1B",1.01287922968301e-10,-0.32601037115537,0.54,0.558,2.1692834462121e-06,"High PTGS2 Fibroblasts","HSPA1B"
"CCL2",1.35322321240572e-10,0.349943900969326,0.792,0.709,2.89819815400934e-06,"High PTGS2 Fibroblasts","CCL2"
"CADM1",1.48613049958966e-10,-0.299291886049438,0.278,0.332,3.18284569097118e-06,"High PTGS2 Fibroblasts","CADM1"
"RHOB",2.76941371402259e-10,-0.272427031338668,0.556,0.563,5.93125335132217e-06,"High PTGS2 Fibroblasts","RHOB"
"OSR2",1.06650245017843e-08,-0.264604334843929,0.646,0.627,0.000228412829754713,"High PTGS2 Fibroblasts","OSR2"
"MFAP4",1.44386843828774e-07,-0.267764970576467,0.733,0.716,0.00309233303428086,"High PTGS2 Fibroblasts","MFAP4"
"FILIP1L",1.99223854243371e-07,-0.250765324316695,0.393,0.416,0.00426677728633029,"High PTGS2 Fibroblasts","FILIP1L"
"CD55",2.1873695296817e-07,0.450651289421879,0.861,0.808,0.00468468932171931,"High PTGS2 Fibroblasts","CD55"
"PTPRS",1.28170949088639e-06,-0.262496726393947,0.432,0.448,0.0274503721663137,"High PTGS2 Fibroblasts","PTPRS"
"HSPA1A",3.15195876267335e-06,-0.28178740322207,0.698,0.678,0.067505500820175,"High PTGS2 Fibroblasts","HSPA1A"
"ACKR3",3.62241354888451e-06,-0.267876755095603,0.663,0.641,0.0775812309764595,"High PTGS2 Fibroblasts","ACKR3"
"CRABP2",7.87173638817831e-06,-0.275364280569991,0.423,0.442,0.168588978225615,"High PTGS2 Fibroblasts","CRABP2"
"SMOC2",8.82666903276476e-06,-0.272891836456468,0.436,0.439,0.189040770674723,"High PTGS2 Fibroblasts","SMOC2"
"CTGF",4.73806368505032e-05,-0.409422662808165,0.89,0.864,1,"High PTGS2 Fibroblasts","CTGF"
"PTGS2.1",0,-1.77065138019009,0,1,0,"Low PTGS2 Fibroblasts","PTGS2"
"SOD2.1",3.77024754352459e-173,-0.988936796000465,0.878,0.967,8.07473916396662e-169,"Low PTGS2 Fibroblasts","SOD2"
"IER3.1",3.58986632562499e-164,-0.82976312001561,0.965,0.996,7.68841670959105e-160,"Low PTGS2 Fibroblasts","IER3"
"C11orf96.1",3.37958716913398e-141,-0.742864855158443,0.39,0.681,7.23806184013424e-137,"Low PTGS2 Fibroblasts","C11orf96"
"INHBA.1",1.49837939553438e-130,-1.31943002038616,0.567,0.785,3.20907915141598e-126,"Low PTGS2 Fibroblasts","INHBA"
"KDM6B.1",7.81512495796583e-124,-0.531604711178428,0.469,0.737,1.67376531224754e-119,"Low PTGS2 Fibroblasts","KDM6B"
"TNFAIP6.1",3.9618592217697e-121,-0.982696229934063,0.859,0.958,8.48511389526416e-117,"Low PTGS2 Fibroblasts","TNFAIP6"
"CXCL2.1",4.13130212048072e-119,-1.33232942094174,0.54,0.772,8.84800975143355e-115,"Low PTGS2 Fibroblasts","CXCL2"
"SLC7A5.1",2.20158752046607e-116,-0.3586757124756,0.17,0.414,4.71513999258219e-112,"Low PTGS2 Fibroblasts","SLC7A5"
"REL.1",1.39058104947272e-109,-0.518572604886054,0.346,0.61,2.97820743365573e-105,"Low PTGS2 Fibroblasts","REL"
"NFKB1.1",1.34728303339156e-105,-0.417378313453755,0.248,0.498,2.88547607261471e-101,"Low PTGS2 Fibroblasts","NFKB1"
"MMP3.1",4.64873129882749e-103,-1.86981816264433,0.226,0.449,9.95618782269884e-99,"Low PTGS2 Fibroblasts","MMP3"
"TPT1.1",1.12994399962782e-95,-0.360171977805025,0.999,1,2.4200010640029e-91,"Low PTGS2 Fibroblasts","TPT1"
"MSC.1",7.22369253431082e-94,-0.409253020508953,0.176,0.393,1.54709823007335e-89,"Low PTGS2 Fibroblasts","MSC"
"ACTB.1",1.43595041399028e-91,0.38806445431189,1,0.999,3.07537500164299e-87,"Low PTGS2 Fibroblasts","ACTB"
"BMP2.1",2.6190311307587e-87,-0.629046248881828,0.143,0.334,5.60917897274592e-83,"Low PTGS2 Fibroblasts","BMP2"
"SLC7A2.1",5.14563196505318e-87,-0.796883302759536,0.173,0.369,1.10203999795544e-82,"Low PTGS2 Fibroblasts","SLC7A2"
"LIF.1",1.90468868830347e-86,-0.587744108497268,0.103,0.276,4.07927176373955e-82,"Low PTGS2 Fibroblasts","LIF"
"CEBPB.1",3.89859329000258e-85,-0.358624205858506,0.36,0.612,8.34961724919852e-81,"Low PTGS2 Fibroblasts","CEBPB"
"MTRNR2L2.1",1.17882537413517e-84,0.732543948185141,0.854,0.752,2.52469030378529e-80,"Low PTGS2 Fibroblasts","MTRNR2L2"
"BDKRB1.1",4.39908930974854e-83,-0.528884653112849,0.208,0.423,9.42152957468845e-79,"Low PTGS2 Fibroblasts","BDKRB1"
"SERPINE2.1",6.05433420627829e-83,-0.83181733973902,0.358,0.577,1.29665675695862e-78,"Low PTGS2 Fibroblasts","SERPINE2"
"ICAM1.1",6.45208694583265e-82,-0.492627787149104,0.299,0.523,1.38184346118898e-77,"Low PTGS2 Fibroblasts","ICAM1"
"NFKBIZ.1",1.29533998011076e-81,-0.484703862556973,0.579,0.77,2.77422963540321e-77,"Low PTGS2 Fibroblasts","NFKBIZ"
"ARID5B.1",9.56923952721696e-81,-0.47899161409612,0.819,0.932,2.04944402954406e-76,"Low PTGS2 Fibroblasts","ARID5B"
"BIRC3.1",1.72443008772337e-79,-0.523056745175122,0.13,0.309,3.69321191887713e-75,"Low PTGS2 Fibroblasts","BIRC3"
"RPS26.1",2.80705160050478e-79,-0.482274356590346,0.95,0.982,6.01186241280108e-75,"Low PTGS2 Fibroblasts","RPS26"
"MFSD2A.1",2.91370339928108e-79,-0.299599186214741,0.204,0.42,6.24027857024029e-75,"Low PTGS2 Fibroblasts","MFSD2A"
"SQSTM1.1",1.76497901547281e-77,-0.403770080820863,0.934,0.98,3.78005555743811e-73,"Low PTGS2 Fibroblasts","SQSTM1"
"SLC39A14.1",1.8499925033064e-77,-0.465235173613859,0.63,0.812,3.96212894433132e-73,"Low PTGS2 Fibroblasts","SLC39A14"
"FOS.1",2.29679722254302e-76,0.58211163443486,0.965,0.951,4.91905061152038e-72,"Low PTGS2 Fibroblasts","FOS"
"PIM3.1",3.09418257746106e-76,-0.259983101800361,0.164,0.36,6.62681082614836e-72,"Low PTGS2 Fibroblasts","PIM3"
"TNFAIP8.1",1.01251565882753e-75,-0.365148147185868,0.172,0.364,2.16850478651092e-71,"Low PTGS2 Fibroblasts","TNFAIP8"
"FNIP2.1",4.8403045421129e-75,-0.379093833624055,0.375,0.602,1.03664802378432e-70,"Low PTGS2 Fibroblasts","FNIP2"
"HMOX1.1",8.70617279799274e-75,-0.64599937362548,0.521,0.725,1.8646010281461e-70,"Low PTGS2 Fibroblasts","HMOX1"
"XBP1.1",1.21157527453791e-72,-0.39426278677997,0.81,0.918,2.59483076547784e-68,"Low PTGS2 Fibroblasts","XBP1"
"LIMA1.1",1.30945561883995e-72,0.497144202543423,0.857,0.804,2.80446109886951e-68,"Low PTGS2 Fibroblasts","LIMA1"
"GEM.1",1.10809218930247e-71,-0.52447743266937,0.826,0.939,2.3732010418291e-67,"Low PTGS2 Fibroblasts","GEM"
"FOSL1.1",1.47173650071966e-71,-0.302916250146534,0.225,0.436,3.1520180635913e-67,"Low PTGS2 Fibroblasts","FOSL1"
"TNFRSF12A.1",1.86798286999535e-71,-0.484695457808493,0.649,0.837,4.00065891266905e-67,"Low PTGS2 Fibroblasts","TNFRSF12A"
"ABL2.1",1.00058009378459e-70,-0.360059956215148,0.633,0.836,2.14294238685845e-66,"Low PTGS2 Fibroblasts","ABL2"
"CHAC1.1",1.01192476667276e-69,-0.28238860980324,0.13,0.301,2.16723927278304e-65,"Low PTGS2 Fibroblasts","CHAC1"
"TSC22D3.1",2.98891562211019e-65,0.490074820968658,0.875,0.826,6.4013605878734e-61,"Low PTGS2 Fibroblasts","TSC22D3"
"NDUFA4L2.1",9.69813545472983e-65,-0.676690430288365,0.722,0.837,2.07704967033949e-60,"Low PTGS2 Fibroblasts","NDUFA4L2"
"PNRC1.1",2.44922687141957e-64,-0.376422037759523,0.489,0.702,5.2455091905193e-60,"Low PTGS2 Fibroblasts","PNRC1"
"KLHL21.1",9.10150058098381e-64,-0.270390555998526,0.314,0.535,1.9492683794293e-59,"Low PTGS2 Fibroblasts","KLHL21"
"RCAN1.1",4.75943431957379e-62,-0.666383254632294,0.519,0.709,1.01932804822312e-57,"Low PTGS2 Fibroblasts","RCAN1"
"JUN.1",5.41785020531642e-60,0.547795406234828,0.901,0.872,1.16034097847262e-55,"Low PTGS2 Fibroblasts","JUN"
"ERRFI1.1",1.51037988189693e-59,-0.465263680983218,0.822,0.939,3.23478059305865e-55,"Low PTGS2 Fibroblasts","ERRFI1"
"PSAP.1",8.5794428290309e-59,0.286576873850582,0.998,0.996,1.83745927069355e-54,"Low PTGS2 Fibroblasts","PSAP"
"IL8.1",9.93925028849509e-59,-1.34819143475127,0.644,0.786,2.12868923428699e-54,"Low PTGS2 Fibroblasts","IL8"
"CXCL3.1",1.20520588472703e-57,-1.14058485857791,0.481,0.665,2.58118944331989e-53,"Low PTGS2 Fibroblasts","CXCL3"
"SOX9.1",1.24181348018449e-57,-0.401600559627419,0.269,0.452,2.65959193051112e-53,"Low PTGS2 Fibroblasts","SOX9"
"TNFAIP3.1",1.53550057424766e-57,-0.310292160799575,0.163,0.323,3.28858157986622e-53,"Low PTGS2 Fibroblasts","TNFAIP3"
"FHL1.1",2.06451439956464e-56,0.549395296939106,0.894,0.857,4.42157048954758e-52,"Low PTGS2 Fibroblasts","FHL1"
"GPRC5A.1",2.77693335033319e-56,-0.331556164640121,0.734,0.895,5.94735815640859e-52,"Low PTGS2 Fibroblasts","GPRC5A"
"PPP1R15A.1",5.94123495918942e-56,-0.302243264589432,0.895,0.977,1.2724342912096e-51,"Low PTGS2 Fibroblasts","PPP1R15A"
"MXRA8.1",6.16448297012472e-56,0.504417180866806,0.781,0.707,1.32024731771161e-51,"Low PTGS2 Fibroblasts","MXRA8"
"ANXA2.1",9.15880026392574e-56,0.278743515051469,0.998,1,1.96154025252498e-51,"Low PTGS2 Fibroblasts","ANXA2"
"ATF4.1",1.24995534122008e-55,-0.28332660983585,0.938,0.977,2.67702935429104e-51,"Low PTGS2 Fibroblasts","ATF4"
"LAPTM4A.1",2.44536226160825e-55,0.28869247665373,0.994,0.994,5.23723235568639e-51,"Low PTGS2 Fibroblasts","LAPTM4A"
"GAPDH.1",3.17807757737635e-55,-0.366918149875543,0.997,1,6.80648874746692e-51,"Low PTGS2 Fibroblasts","GAPDH"
"GPNMB.1",2.87414328001821e-53,0.507202630014716,0.794,0.713,6.15555266281501e-49,"Low PTGS2 Fibroblasts","GPNMB"
"SAT1.1",3.32239888263724e-53,-0.372216773967066,0.952,0.991,7.11558168694417e-49,"Low PTGS2 Fibroblasts","SAT1"
"BTG1.1",1.32574986827089e-52,-0.284580054132904,0.624,0.805,2.83935849287576e-48,"Low PTGS2 Fibroblasts","BTG1"
"WTAP.1",1.92722886142506e-51,-0.399632833856069,0.55,0.744,4.12754605251405e-47,"Low PTGS2 Fibroblasts","WTAP"
"LINC00152.1",3.83672073139985e-51,-0.402153996575509,0.442,0.625,8.21710479043907e-47,"Low PTGS2 Fibroblasts","LINC00152"
"MIR4435-1HG.1",1.16775903416889e-50,-0.415442338237232,0.411,0.597,2.50098952347951e-46,"Low PTGS2 Fibroblasts","MIR4435-1HG"
"NFKBIA.1",7.09473867512211e-50,-0.3281368370633,0.922,0.979,1.5194801820509e-45,"Low PTGS2 Fibroblasts","NFKBIA"
"ITM2B.1",2.52751015898066e-48,0.278739925004378,1,1,5.41316850748887e-44,"Low PTGS2 Fibroblasts","ITM2B"
"IGFBP6.1",3.05327714853983e-48,0.633324011527328,0.928,0.926,6.53920366902776e-44,"Low PTGS2 Fibroblasts","IGFBP6"
"PDE4B.1",6.56947793216951e-48,-0.253371185593904,0.164,0.314,1.40698508873274e-43,"Low PTGS2 Fibroblasts","PDE4B"
"TNC.1",1.04347667216491e-47,-0.405561154178038,0.698,0.836,2.23481398877558e-43,"Low PTGS2 Fibroblasts","TNC"
"SLC38A2.1",1.4108984582656e-47,-0.292664879981961,0.743,0.886,3.02172122806744e-43,"Low PTGS2 Fibroblasts","SLC38A2"
"PTRF.1",1.48062356705081e-47,0.349362935382799,0.909,0.902,3.17105149355271e-43,"Low PTGS2 Fibroblasts","PTRF"
"HIST1H4C.1",1.86980728525643e-47,-0.321677788509534,0.401,0.587,4.0045662628337e-43,"Low PTGS2 Fibroblasts","HIST1H4C"
"TXNIP.1",7.40217937926257e-47,0.541919782605839,0.46,0.324,1.58532475765666e-42,"Low PTGS2 Fibroblasts","TXNIP"
"ANXA4.1",3.49199805380798e-46,0.36979780238412,0.819,0.788,7.47881223184054e-42,"Low PTGS2 Fibroblasts","ANXA4"
"LGALS3.1",1.59425515701262e-45,0.264181278443793,0.994,0.996,3.41441626977392e-41,"Low PTGS2 Fibroblasts","LGALS3"
"CRLF1.1",5.50507658395334e-45,-0.442614247312428,0.552,0.703,1.17902225198529e-40,"Low PTGS2 Fibroblasts","CRLF1"
"GSN.1",7.29504081770028e-45,0.601058394485128,0.96,0.954,1.56237889192687e-40,"Low PTGS2 Fibroblasts","GSN"
"TGIF1.1",1.39132411678252e-44,-0.274824627682553,0.436,0.633,2.97979886091313e-40,"Low PTGS2 Fibroblasts","TGIF1"
"ELL2.1",1.51098364128971e-44,-0.259883084147772,0.356,0.547,3.23607366455017e-40,"Low PTGS2 Fibroblasts","ELL2"
"MTHFD2.1",2.15406074763634e-44,-0.269559703365079,0.447,0.639,4.61335190321274e-40,"Low PTGS2 Fibroblasts","MTHFD2"
"ACTG1.1",2.85065186493247e-44,0.270004792170222,0.998,0.999,6.10524109912587e-40,"Low PTGS2 Fibroblasts","ACTG1"
"SCRG1.1",7.28358303712644e-44,-0.438109080850593,0.446,0.629,1.55992497906137e-39,"Low PTGS2 Fibroblasts","SCRG1"
"SELK.1",1.33109561480693e-43,-0.253495236151734,0.831,0.927,2.85080747823201e-39,"Low PTGS2 Fibroblasts","SELK"
"NR4A2.1",3.84830953351912e-43,-0.315438302818345,0.493,0.682,8.2419245279379e-39,"Low PTGS2 Fibroblasts","NR4A2"
"MAP3K8.1",4.19476166750892e-43,-0.258103929162775,0.48,0.672,8.98392106330385e-39,"Low PTGS2 Fibroblasts","MAP3K8"
"SLC3A2.1",5.00153197698663e-43,-0.32333291065889,0.737,0.879,1.07117810351123e-38,"Low PTGS2 Fibroblasts","SLC3A2"
"ARL6IP5.1",1.06906390328199e-42,0.273149509491388,0.961,0.955,2.28961416165904e-38,"Low PTGS2 Fibroblasts","ARL6IP5"
"MIF.1",1.74951798953017e-42,-0.269145257602068,0.75,0.872,3.74694267817678e-38,"Low PTGS2 Fibroblasts","MIF"
"PHLDA1.1",2.05328860057289e-42,-0.37108705214837,0.647,0.812,4.39752819584696e-38,"Low PTGS2 Fibroblasts","PHLDA1"
"CKS2.1",2.24232991360932e-42,-0.255202402622275,0.496,0.705,4.80239797597707e-38,"Low PTGS2 Fibroblasts","CKS2"
"FTH1.1",5.55919702320634e-42,-0.260113373693542,1,1,1.1906132264601e-37,"Low PTGS2 Fibroblasts","FTH1"
"MYL9.1",5.72508251818001e-41,0.438521449616716,0.771,0.697,1.22614092291861e-36,"Low PTGS2 Fibroblasts","MYL9"
"MT1X.1",6.15533388310262e-41,-0.435431250229906,0.849,0.922,1.31828785774409e-36,"Low PTGS2 Fibroblasts","MT1X"
"PLTP.1",8.04715927018064e-40,0.520538028527572,0.782,0.718,1.72346010089459e-35,"Low PTGS2 Fibroblasts","PLTP"
"MTRNR2L8.1",9.25176571888476e-40,0.427962734935396,0.692,0.605,1.98145066401355e-35,"Low PTGS2 Fibroblasts","MTRNR2L8"
"CFD.1",1.42529573265831e-38,0.532928487627448,0.896,0.861,3.0525558706343e-34,"Low PTGS2 Fibroblasts","CFD"
"TSC22D1.1",3.395769164198e-38,-0.386030347472771,0.523,0.691,7.27271881896285e-34,"Low PTGS2 Fibroblasts","TSC22D1"
"HTRA1.1",4.20290526875587e-38,-0.666057774169628,0.898,0.937,9.00136221409444e-34,"Low PTGS2 Fibroblasts","HTRA1"
"PLAUR.1",5.04481631572663e-38,-0.262593099585596,0.55,0.713,1.08044831033917e-33,"Low PTGS2 Fibroblasts","PLAUR"
"CXCL1.1",8.01342688958801e-38,-1.0091914547561,0.436,0.599,1.71623563694306e-33,"Low PTGS2 Fibroblasts","CXCL1"
"INSIG1.1",4.30998559802446e-36,-0.318625682484031,0.577,0.74,9.23069615528898e-32,"Low PTGS2 Fibroblasts","INSIG1"
"RTN4.1",1.48668122462469e-35,0.284492885406439,0.912,0.917,3.18402517877869e-31,"Low PTGS2 Fibroblasts","RTN4"
"TMSB4X.1",3.49221353501525e-35,0.28729468386484,1,1,7.47927372794217e-31,"Low PTGS2 Fibroblasts","TMSB4X"
"WISP2.1",5.85202019130654e-35,0.598449412904508,0.744,0.643,1.25332716437212e-30,"Low PTGS2 Fibroblasts","WISP2"
"MTRNR2L12.1",5.94301522129652e-35,0.444420830066533,0.696,0.629,1.27281556994508e-30,"Low PTGS2 Fibroblasts","MTRNR2L12"
"ADAMTS5.1",7.02002785098059e-35,-0.348632306835367,0.225,0.365,1.50347936484451e-30,"Low PTGS2 Fibroblasts","ADAMTS5"
"FSTL1.1",1.76065540591785e-34,0.351311228875097,0.952,0.958,3.77079568285426e-30,"Low PTGS2 Fibroblasts","FSTL1"
"MT-ND3.1",1.91585575066874e-34,0.283183475556025,0.988,0.985,4.10318826120724e-30,"Low PTGS2 Fibroblasts","MT-ND3"
"BTG2.1",1.18821413792008e-32,-0.36714414432007,0.582,0.732,2.54479821918344e-28,"Low PTGS2 Fibroblasts","BTG2"
"CAPN2.1",1.34579102781691e-32,0.296558353423904,0.764,0.753,2.88228064427549e-28,"Low PTGS2 Fibroblasts","CAPN2"
"IER2.1",6.59234095210124e-32,0.367678539061865,0.854,0.848,1.41188166171152e-27,"Low PTGS2 Fibroblasts","IER2"
"ID2.1",1.59898130111342e-31,-0.283066853073889,0.92,0.975,3.42453825259461e-27,"Low PTGS2 Fibroblasts","ID2"
"LTBP4.1",2.14410107070289e-31,0.433540590641692,0.542,0.456,4.59202126312439e-27,"Low PTGS2 Fibroblasts","LTBP4"
"TNFRSF11B.1",7.30947888723011e-31,-0.4976483022468,0.41,0.552,1.56547109327807e-26,"Low PTGS2 Fibroblasts","TNFRSF11B"
"GADD45B.1",1.30556477956385e-30,0.379193427872471,0.946,0.953,2.79612808839191e-26,"Low PTGS2 Fibroblasts","GADD45B"
"DDAH2.1",2.5897128176374e-30,0.279809012245973,0.83,0.816,5.54638794153403e-26,"Low PTGS2 Fibroblasts","DDAH2"
"HES1.1",3.15869946093367e-30,0.412956341942131,0.545,0.447,6.76498663548163e-26,"Low PTGS2 Fibroblasts","HES1"
"TREM1.1",3.20898934041725e-30,-0.326849954672706,0.49,0.627,6.87269247037162e-26,"Low PTGS2 Fibroblasts","TREM1"
"PRELP.1",8.00896838084761e-30,-0.51025033096142,0.884,0.931,1.71528075812613e-25,"Low PTGS2 Fibroblasts","PRELP"
"CHI3L2.1",9.20326755351997e-30,-0.300419518090272,0.349,0.499,1.97106381193737e-25,"Low PTGS2 Fibroblasts","CHI3L2"
"AKR1B1.1",1.22133022856428e-29,-0.33674113092565,0.65,0.774,2.61572295051611e-25,"Low PTGS2 Fibroblasts","AKR1B1"
"VCAM1.1",6.61578250410869e-29,-0.398226475402048,0.473,0.63,1.41690213890496e-24,"Low PTGS2 Fibroblasts","VCAM1"
"SDC2.1",7.49327162613429e-29,0.307788605466835,0.91,0.924,1.60483398416918e-24,"Low PTGS2 Fibroblasts","SDC2"
"SCARA5.1",1.26684570746884e-28,0.343397808331462,0.551,0.458,2.713203451686e-24,"Low PTGS2 Fibroblasts","SCARA5"
"SERPING1.1",3.31611470922365e-28,0.273764135268595,0.952,0.953,7.10212287274429e-24,"Low PTGS2 Fibroblasts","SERPING1"
"CLU.1",1.03555939216248e-27,-0.447078808794488,0.988,0.997,2.21785755019437e-23,"Low PTGS2 Fibroblasts","CLU"
"SRGN.1",9.57406224140431e-27,-0.260087738154812,0.296,0.429,2.05047691024156e-22,"Low PTGS2 Fibroblasts","SRGN"
"TMSB10.1",1.35445538842402e-26,0.308070975178224,0.982,0.979,2.90083710538773e-22,"Low PTGS2 Fibroblasts","TMSB10"
"CD9.1",1.04382480554493e-25,0.304952987047185,0.986,0.989,2.23555958603558e-21,"Low PTGS2 Fibroblasts","CD9"
"ID3.1",1.08659528678205e-25,0.36055953473284,0.841,0.808,2.32716112570111e-21,"Low PTGS2 Fibroblasts","ID3"
"CILP.1",7.76691246416698e-25,-0.443274647887892,0.418,0.542,1.66343964245064e-20,"Low PTGS2 Fibroblasts","CILP"
"HMGCS1.1",1.24058325266604e-24,-0.27833540582322,0.22,0.338,2.65695715223486e-20,"Low PTGS2 Fibroblasts","HMGCS1"
"MAP1A.1",3.22722460279379e-24,0.28224913264313,0.699,0.675,6.91174693180346e-20,"Low PTGS2 Fibroblasts","MAP1A"
"PTGES.1",5.11712848093442e-24,-0.367090105467945,0.409,0.527,1.09593540676173e-19,"Low PTGS2 Fibroblasts","PTGES"
"SEPP1.1",5.54348163378297e-24,0.310820092830712,0.769,0.736,1.1872474615073e-19,"Low PTGS2 Fibroblasts","SEPP1"
"SOCS3.1",9.17998933164199e-23,0.358884195248337,0.775,0.753,1.96607831515777e-18,"Low PTGS2 Fibroblasts","SOCS3"
"GLRX.1",1.05734171141698e-22,-0.250624173307094,0.633,0.774,2.26450874334174e-18,"Low PTGS2 Fibroblasts","GLRX"
"SFRP4.1",1.06980767828392e-22,0.578716232249358,0.382,0.285,2.29120710458066e-18,"Low PTGS2 Fibroblasts","SFRP4"
"RPS4Y1.1",1.2420863071656e-22,0.30518003335615,0.431,0.312,2.66017624405657e-18,"Low PTGS2 Fibroblasts","RPS4Y1"
"DCN.1",2.91961484691037e-22,0.256993539550749,0.998,1,6.25293911762794e-18,"Low PTGS2 Fibroblasts","DCN"
"IL6.1",7.16518000153214e-22,-0.743767249966799,0.36,0.476,1.53456660092814e-17,"Low PTGS2 Fibroblasts","IL6"
"C2.1",9.73177365535405e-22,0.335046622644819,0.501,0.433,2.08425396376718e-17,"Low PTGS2 Fibroblasts","C2"
"RBPJ.1",1.19563343200304e-21,0.256928427256747,0.726,0.721,2.56068812132092e-17,"Low PTGS2 Fibroblasts","RBPJ"
"CCL4.1",2.48297603709692e-21,-0.320293127151332,0.265,0.4,5.31778977865046e-17,"Low PTGS2 Fibroblasts","CCL4"
"MFAP5.1",1.90651935887266e-20,0.77653034395222,0.412,0.334,4.08319251089758e-16,"Low PTGS2 Fibroblasts","MFAP5"
"C1R.1",2.53096415747388e-20,0.252535489503119,0.959,0.951,5.42056593606181e-16,"Low PTGS2 Fibroblasts","C1R"
"CFH.1",2.6010346767458e-20,0.36782899496349,0.782,0.747,5.57063596718647e-16,"Low PTGS2 Fibroblasts","CFH"
"MT2A.1",3.46168084779029e-20,-0.370446939318288,0.992,0.996,7.41388187171247e-16,"Low PTGS2 Fibroblasts","MT2A"
"FMOD.1",9.71634341348675e-20,-0.367093648417006,0.744,0.811,2.08094926886646e-15,"Low PTGS2 Fibroblasts","FMOD"
"SPARCL1.1",5.83453531202752e-19,0.474548050590982,0.853,0.84,1.24958242777693e-14,"Low PTGS2 Fibroblasts","SPARCL1"
"MMP2.1",1.76145087123327e-18,0.424008511667241,0.726,0.693,3.7724993309203e-14,"Low PTGS2 Fibroblasts","MMP2"
"TSPAN4.1",1.79540339281835e-18,0.264690400497447,0.685,0.684,3.84521544639906e-14,"Low PTGS2 Fibroblasts","TSPAN4"
"LHFP.1",1.88533146703106e-18,0.281762422693598,0.758,0.748,4.03781440294043e-14,"Low PTGS2 Fibroblasts","LHFP"
"LGALS3BP.1",4.6940283881652e-18,0.279580370361585,0.624,0.553,1.00532005989334e-13,"Low PTGS2 Fibroblasts","LGALS3BP"
"MT1M.1",6.94198407671611e-18,0.331743279956078,0.737,0.706,1.48676472971029e-13,"Low PTGS2 Fibroblasts","MT1M"
"C10orf54.1",9.02979436984886e-18,0.253242195553581,0.746,0.759,1.93391106019053e-13,"Low PTGS2 Fibroblasts","C10orf54"
"MT1G.1",1.44559643134935e-17,-0.313787977792533,0.205,0.297,3.09603387702091e-13,"Low PTGS2 Fibroblasts","MT1G"
"SPON2.1",1.95848522354198e-17,0.39431310126315,0.379,0.307,4.19448780325986e-13,"Low PTGS2 Fibroblasts","SPON2"
"VASN.1",3.75838205666108e-17,0.271223940787179,0.791,0.802,8.04932685075104e-13,"Low PTGS2 Fibroblasts","VASN"
"ADAMTS1.1",6.32365038589942e-17,-0.250009650916923,0.45,0.563,1.35433620314808e-12,"Low PTGS2 Fibroblasts","ADAMTS1"
"FBLN2.1",1.09453384597415e-16,0.385068553420842,0.418,0.354,2.34416313792284e-12,"Low PTGS2 Fibroblasts","FBLN2"
"FN1.1",8.79349126264167e-16,-0.285109099713252,0.998,0.999,1.88330202371997e-11,"Low PTGS2 Fibroblasts","FN1"
"CHMP1B.1",9.56283445896051e-16,-0.27163873261088,0.634,0.744,2.04807225607557e-11,"Low PTGS2 Fibroblasts","CHMP1B"
"DAB2.1",1.26224573517471e-15,0.250817400843546,0.764,0.771,2.70335169102368e-11,"Low PTGS2 Fibroblasts","DAB2"
"EBF1.1",5.39614576612538e-15,0.262465467768811,0.517,0.476,1.15569253873107e-10,"Low PTGS2 Fibroblasts","EBF1"
"PPAP2A.1",1.07242053057955e-14,0.253935119744464,0.735,0.721,2.29680305034223e-10,"Low PTGS2 Fibroblasts","PPAP2A"
"CXCL12.1",1.62825638482176e-14,0.340372783420033,0.566,0.489,3.48723669937276e-10,"Low PTGS2 Fibroblasts","CXCL12"
"C1QTNF3.1",3.12580914674546e-14,0.324775036461866,0.557,0.51,6.69454544958475e-10,"Low PTGS2 Fibroblasts","C1QTNF3"
"PODN.1",4.06850419988954e-14,0.286541735959058,0.263,0.194,8.71351544490343e-10,"Low PTGS2 Fibroblasts","PODN"
"TNXB.1",1.14896256192719e-13,0.324217550367575,0.872,0.885,2.46073311887946e-09,"Low PTGS2 Fibroblasts","TNXB"
"SERPINF1.1",3.54005332836305e-13,0.366397785185032,0.656,0.621,7.58173221335514e-09,"Low PTGS2 Fibroblasts","SERPINF1"
"AHNAK2.1",4.25224799594959e-13,0.279490219043168,0.344,0.288,9.10703953292524e-09,"Low PTGS2 Fibroblasts","AHNAK2"
"PDGFRL.1",6.11586063248699e-13,0.326796744295871,0.656,0.66,1.30983387165974e-08,"Low PTGS2 Fibroblasts","PDGFRL"
"TUBA1A.1",1.20246781814904e-12,0.265899787413625,0.838,0.852,2.5753253261298e-08,"Low PTGS2 Fibroblasts","TUBA1A"
"DBN1.1",1.70015334538299e-12,0.256661542370885,0.347,0.299,3.64121841980675e-08,"Low PTGS2 Fibroblasts","DBN1"
"CCL3.1",3.65335206457248e-12,-0.31697629360885,0.354,0.472,7.82438411669487e-08,"Low PTGS2 Fibroblasts","CCL3"
"ANGPTL1.1",5.00219581527585e-12,0.278019688142606,0.673,0.68,1.07132027775763e-07,"Low PTGS2 Fibroblasts","ANGPTL1"
"TMEM176B.1",3.91022568755429e-11,0.262767925182079,0.364,0.293,8.37453035503502e-07,"Low PTGS2 Fibroblasts","TMEM176B"
"TPM1.1",7.92625816133664e-11,0.296531945511396,0.475,0.442,1.69756671041347e-06,"Low PTGS2 Fibroblasts","TPM1"
"HSPA1B.1",1.01287922968301e-10,0.32601037115537,0.558,0.54,2.1692834462121e-06,"Low PTGS2 Fibroblasts","HSPA1B"
"CCL2.1",1.35322321240572e-10,-0.349943900969326,0.709,0.792,2.89819815400934e-06,"Low PTGS2 Fibroblasts","CCL2"
"CADM1.1",1.48613049958966e-10,0.299291886049438,0.332,0.278,3.18284569097118e-06,"Low PTGS2 Fibroblasts","CADM1"
"RHOB.1",2.76941371402259e-10,0.272427031338668,0.563,0.556,5.93125335132217e-06,"Low PTGS2 Fibroblasts","RHOB"
"OSR2.1",1.06650245017843e-08,0.264604334843929,0.627,0.646,0.000228412829754713,"Low PTGS2 Fibroblasts","OSR2"
"MFAP4.1",1.44386843828774e-07,0.267764970576467,0.716,0.733,0.00309233303428086,"Low PTGS2 Fibroblasts","MFAP4"
"FILIP1L.1",1.99223854243371e-07,0.250765324316695,0.416,0.393,0.00426677728633029,"Low PTGS2 Fibroblasts","FILIP1L"
"CD55.1",2.1873695296817e-07,-0.450651289421879,0.808,0.861,0.00468468932171931,"Low PTGS2 Fibroblasts","CD55"
"PTPRS.1",1.28170949088639e-06,0.262496726393947,0.448,0.432,0.0274503721663137,"Low PTGS2 Fibroblasts","PTPRS"
"HSPA1A.1",3.15195876267335e-06,0.28178740322207,0.678,0.698,0.067505500820175,"Low PTGS2 Fibroblasts","HSPA1A"
"ACKR3.1",3.62241354888451e-06,0.267876755095603,0.641,0.663,0.0775812309764595,"Low PTGS2 Fibroblasts","ACKR3"
"CRABP2.1",7.87173638817831e-06,0.275364280569991,0.442,0.423,0.168588978225615,"Low PTGS2 Fibroblasts","CRABP2"
"SMOC2.1",8.82666903276476e-06,0.272891836456468,0.439,0.436,0.189040770674723,"Low PTGS2 Fibroblasts","SMOC2"
"CTGF.1",4.73806368505032e-05,0.409422662808165,0.864,0.89,1,"Low PTGS2 Fibroblasts","CTGF"
